Alex Abrines,78,200,Oklahoma City Thunder,25,5.3,0.2,0.5,0.6,1.5,0.923,0.323,0.357
Quincy Acy,79,240,Phoenix Suns,28,1.7,0.4,0.1,0.8,2.5,0.7,0.133,0.222
Jaylen Adams,74,190,Atlanta Hawks,22,3.2,0.1,0.4,1.9,1.8,0.778,0.338,0.345
Steven Adams,84,265,Oklahoma City Thunder,25,13.9,1,1.5,1.6,9.5,0.5,0,0.595
Bam Adebayo,82,255,Miami Heat,21,8.9,0.8,0.9,2.2,7.3,0.735,0.2,0.576
LaMarcus Aldridge,83,260,San Antonio Spurs,33,21.3,1.3,0.5,2.4,9.2,0.847,0.238,0.519
Grayson Allen,77,198,Utah Jazz,23,5.6,0.2,0.2,0.7,0.6,0.75,0.323,0.376
Jarrett Allen,83,237,Brooklyn Nets,20,10.9,1.5,0.5,1.4,8.4,0.709,0.133,0.59
Al-Farouq Aminu,81,220,Portland Trail Blazers,28,9.4,0.4,0.8,1.3,7.5,0.867,0.343,0.433
Justin Anderson,78,230,Atlanta Hawks,25,3.7,0.3,0.5,0.5,1.8,0.743,0.312,0.408
Kyle Anderson,81,230,Memphis Grizzlies,25,8,0.9,1.3,3,5.8,0.578,0.265,0.543
Ike Anigbogu,82,250,Indiana Pacers,20,0,0.3,0,0.3,1,,,0
Giannis Antetokounmpo,83,242,Milwaukee Bucks,24,27.7,1.5,1.3,5.9,12.5,0.729,0.256,0.578
Carmelo Anthony,80,240,Atlanta Hawks,34,13.4,0.7,0.4,0.5,5.4,0.682,0.328,0.405
OG Anunoby,80,232,Toronto Raptors,21,7,0.3,0.7,0.7,2.9,0.581,0.332,0.453
Ryan Arcidiacono,75,200,Chicago Bulls,24,6.7,0,0.8,3.3,2.7,0.873,0.373,0.447
Trevor Ariza,80,215,Washington Wizards,33,12.5,0.3,1.3,3.7,5.4,0.793,0.334,0.399
D.J. Augustin,72,183,Orlando Magic,31,11.7,0,0.6,5.3,2.5,0.866,0.421,0.47
Deandre Ayton,85,250,Phoenix Suns,20,16.3,0.9,0.9,1.8,10.3,0.746,0,0.585
Dwayne Bacon,79,221,Charlotte Hornets,23,7.3,0.1,0.3,1.1,2.1,0.739,0.437,0.475
Marvin Bagley III,83,234,Sacramento Kings,19,14.9,1,0.5,1,7.6,0.691,0.313,0.504
Ron Baker,76,220,New York Knicks,25,0.9,0.1,0.4,1,0.7,0.833,0.077,0.2
Wade Baldwin,76,200,Indiana Pacers,22,1.9,0.1,0.1,0.8,0.9,0.727,0.222,0.303
Lonzo Ball,78,190,Los Angeles Lakers,21,9.9,0.4,1.5,5.4,5.3,0.417,0.329,0.406
Mohamed Bamba,84,221,Orlando Magic,20,6.2,1.4,0.3,0.8,5,0.587,0.3,0.481
J.J. Barea,72,185,Dallas Mavericks,34,10.9,0,0.6,5.6,2.5,0.705,0.297,0.418
Harrison Barnes,80,225,Sacramento Kings,26,16.4,0.2,0.6,1.5,4.7,0.824,0.395,0.42
Will Barton,78,190,Denver Nuggets,28,11.5,0.5,0.4,2.9,4.6,0.77,0.342,0.402
Keita Bates-Diop,81,229,Minnesota Timberwolves,23,5,0.5,0.6,0.6,2.8,0.643,0.25,0.423
Nicolas Batum,80,200,Charlotte Hornets,30,9.3,0.6,0.9,3.3,5.2,0.865,0.389,0.45
Jerryd Bayless,75,200,Minnesota Timberwolves,30,6.1,0.1,0.5,3.5,1.8,0.571,0.296,0.357
Aron Baynes,82,260,Boston Celtics,32,5.6,0.7,0.2,1.1,4.7,0.855,0.344,0.471
Kent Bazemore,77,201,Atlanta Hawks,29,11.6,0.6,1.3,2.3,3.9,0.726,0.32,0.402
Bradley Beal,77,207,Washington Wizards,25,25.6,0.7,1.5,5.5,5,0.808,0.351,0.475
Malik Beasley,77,195,Denver Nuggets,22,11.3,0.1,0.7,1.2,2.5,0.848,0.402,0.474
Michael Beasley,81,235,Los Angeles Clippers,30,7,0.4,0.3,1,2.3,0.718,0.176,0.49
Marco Belinelli,77,210,San Antonio Spurs,32,10.5,0.1,0.4,1.7,2.5,0.903,0.372,0.413
Jordan Bell,81,224,Golden State Warriors,24,3.3,0.8,0.3,1.1,2.7,0.61,0,0.516
DeAndre' Bembry,78,210,Atlanta Hawks,24,8.4,0.5,1.3,2.5,4.4,0.64,0.289,0.446
Dragan Bender,85,225,Phoenix Suns,21,5,0.5,0.4,1.2,4,0.593,0.218,0.447
Dairis Bertans,76,200,New Orleans Pelicans,29,2.8,0,0.1,0.8,0.8,,0.294,0.255
Davis Bertans,82,225,San Antonio Spurs,26,8,0.4,0.5,1.3,3.5,0.883,0.429,0.45
Patrick Beverley,73,185,Los Angeles Clippers,30,7.6,0.6,0.9,3.8,5,0.78,0.397,0.407
Khem Birch,81,233,Orlando Magic,26,4.8,0.6,0.4,0.8,3.8,0.699,0,0.603
Bismack Biyombo,81,255,Charlotte Hornets,26,4.4,0.8,0.2,0.6,4.6,0.637,,0.571
Nemanja Bjelica,82,234,Sacramento Kings,30,9.6,0.7,0.7,1.9,5.8,0.761,0.401,0.479
Antonio Blakeney,76,192,Chicago Bulls,22,7.3,0.2,0.2,0.7,1.9,0.658,0.396,0.419
Eric Bledsoe,73,205,Milwaukee Bucks,29,15.9,0.4,1.5,5.5,4.6,0.75,0.329,0.484
Bogdan Bogdanovic,78,205,Sacramento Kings,26,14.1,0.2,1,3.8,3.5,0.827,0.36,0.418
Bojan Bogdanovic,80,216,Indiana Pacers,29,18,0,0.9,2,4.1,0.807,0.425,0.497
Andrew Bogut,84,260,Golden State Warriors,34,3.5,0.7,0.3,1,5,1,,0.5
Jonah Bolden,82,220,Philadelphia 76ers,23,4.7,0.9,0.4,0.9,3.8,0.481,0.354,0.494
Isaac Bonga,80,180,Los Angeles Lakers,19,0.9,0.2,0.4,0.7,1.1,0.6,0,0.152
Devin Booker,78,210,Phoenix Suns,22,26.6,0.2,0.9,6.8,4.1,0.866,0.326,0.467
Chris Boucher,82,200,Toronto Raptors,26,3.3,0.9,0.2,0.1,2,0.867,0.324,0.447
Avery Bradley,74,180,Memphis Grizzlies,28,9.9,0.3,0.7,2.4,2.8,0.86,0.351,0.408
Tony Bradley,82,248,Utah Jazz,21,5.7,0.7,0.7,0.3,5,0.5,,0.5
Corey Brewer,81,186,Philadelphia 76ers,32,4.9,0.2,1,1.3,2.5,0.721,0.318,0.431
Mikal Bridges,79,210,Phoenix Suns,22,8.3,0.5,1.6,2.1,3.2,0.805,0.335,0.43
Miles Bridges,79,225,Charlotte Hornets,20,7.5,0.6,0.7,1.2,4,0.753,0.325,0.464
Isaiah Briscoe,75,215,Orlando Magic,22,3.5,0.1,0.3,2.2,1.9,0.577,0.324,0.399
Ryan Broekhoff,79,215,Dallas Mavericks,28,4,0.1,0.1,0.5,1.5,0.789,0.409,0.452
Malcolm Brogdon,77,229,Milwaukee Bucks,26,15.6,0.2,0.7,3.2,4.5,0.928,0.426,0.505
Dillon Brooks,78,220,Memphis Grizzlies,23,7.5,0.2,0.6,0.9,1.7,0.733,0.375,0.402
MarShon Brooks,77,200,Chicago Bulls,30,6.6,0.1,0.3,0.9,1.6,0.697,0.278,0.45
Bruce Brown,77,202,Detroit Pistons,22,4.3,0.5,0.5,1.2,2.5,0.75,0.258,0.398
Jaylen Brown,79,220,Boston Celtics,22,13,0.4,0.9,1.4,4.2,0.658,0.344,0.465
Lorenzo Brown,77,189,Toronto Raptors,28,2.1,0.2,0.5,1.1,1.2,1,0.214,0.324
Sterling Brown,78,232,Milwaukee Bucks,23,6.4,0.1,0.4,1.4,3.2,0.69,0.361,0.465
Troy Brown Jr.,79,215,Washington Wizards,19,4.8,0.1,0.4,1.5,2.8,0.681,0.319,0.415
Jalen Brunson,75,190,Dallas Mavericks,22,9.3,0.1,0.5,3.2,2.3,0.725,0.348,0.467
Thomas Bryant,83,248,Washington Wizards,21,10.5,0.9,0.3,1.3,6.3,0.781,0.333,0.616
Reggie Bullock,79,205,Los Angeles Lakers,27,11.3,0.2,0.6,2,2.7,0.859,0.377,0.412
Trey Burke,73,175,Dallas Mavericks,26,10.9,0.1,0.6,2.7,1.7,0.831,0.352,0.431
Alec Burks,78,214,Sacramento Kings,27,8.8,0.3,0.6,2,3.7,0.823,0.363,0.405
Jimmy Butler,80,232,Philadelphia 76ers,29,18.7,0.6,1.9,4,5.3,0.855,0.347,0.462
Bruno Caboclo,81,218,Memphis Grizzlies,23,8.3,1,0.4,1.5,4.6,0.84,0.369,0.427
Jose Calderon,75,200,Detroit Pistons,37,2.3,0.1,0.3,2.3,1.2,0.818,0.246,0.375
Kentavious Caldwell-Pope,77,205,Los Angeles Lakers,25,11.4,0.2,0.9,1.3,2.9,0.867,0.347,0.43
Isaiah Canaan,72,201,Minnesota Timberwolves,27,6,0.1,0.5,2.8,1.9,0.792,0.354,0.39
Clint Capela,82,240,Houston Rockets,24,16.6,1.5,0.7,1.4,12.7,0.636,,0.648
DeMarre Carroll,80,215,Brooklyn Nets,32,11.1,0.1,0.5,1.3,5.2,0.76,0.342,0.395
Jevon Carter,74,196,Memphis Grizzlies,23,4.4,0.3,0.7,1.8,1.7,0.813,0.333,0.303
Vince Carter,78,220,Atlanta Hawks,42,7.4,0.4,0.6,1.1,2.6,0.712,0.389,0.419
Wendell Carter Jr.,82,255,Chicago Bulls,19,10.3,1.3,0.6,1.8,7,0.795,0.188,0.485
Michael Carter-Williams,78,190,Chicago Bulls,27,4.8,0.5,0.7,2.5,2.5,0.604,0.263,0.374
Omri Casspi,81,225,Memphis Grizzlies,30,6.3,0.3,0.6,0.7,3.2,0.672,0.349,0.534
Willie Cauley-Stein,84,240,Sacramento Kings,25,11.9,0.6,1.2,2.4,8.4,0.551,0.5,0.556
Tyson Chandler,85,240,Phoenix Suns,36,3.1,0.4,0.4,0.7,5.6,0.586,0,0.616
Wilson Chandler,81,225,Los Angeles Clippers,31,6,0.4,0.5,1.6,4.2,0.72,0.373,0.418
Chris Chiozza,72,176,Houston Rockets,23,0.9,0.1,0.1,0.6,0.6,,0.4,0.25
Marquese Chriss,82,240,Cleveland Cavaliers,21,4.2,0.3,0.4,0.5,3.3,0.711,0.222,0.372
Ian Clark,75,175,New Orleans Pelicans,27,6.7,0.1,0.4,1.6,1.5,0.892,0.327,0.394
Jordan Clarkson,77,194,Cleveland Cavaliers,26,16.8,0.2,0.7,2.4,3.3,0.844,0.324,0.448
John Collins,82,235,Atlanta Hawks,21,19.5,0.6,0.4,2,9.8,0.763,0.348,0.56
Zach Collins,84,235,Portland Trail Blazers,21,6.6,0.9,0.3,0.9,4.2,0.746,0.331,0.473
Darren Collison,72,175,Indiana Pacers,31,11.2,0.1,1.4,6,3.1,0.832,0.407,0.467
Mike Conley,73,175,Memphis Grizzlies,31,21.1,0.3,1.3,6.4,3.4,0.845,0.364,0.438
Pat Connaughton,76,209,Milwaukee Bucks,26,6.9,0.4,0.5,2,4.2,0.725,0.33,0.466
Quinn Cook,74,179,Golden State Warriors,25,6.9,0,0.3,1.6,2.1,0.769,0.405,0.465
DeMarcus Cousins,83,270,Golden State Warriors,28,16.3,1.5,1.3,3.6,8.2,0.736,0.274,0.48
Robert Covington,81,225,Minnesota Timberwolves,28,13.3,1.3,2.1,1.3,5.5,0.764,0.378,0.431
Allen Crabbe,78,212,Brooklyn Nets,26,9.6,0.3,0.5,1.1,3.4,0.732,0.378,0.367
Torrey Craig,79,215,Denver Nuggets,28,5.7,0.6,0.5,1,3.5,0.7,0.324,0.442
Jamal Crawford,77,185,Atlanta Hawks,38,7.9,0.2,0.5,3.6,1.3,0.845,0.332,0.397
Mitch Creek,77,216,Brooklyn Nets,26,4.2,0,0.4,1.2,2.4,0.714,0,0.5
Jae Crowder,78,235,Utah Jazz,28,11.9,0.4,0.8,1.7,4.8,0.721,0.331,0.399
Dante Cunningham,80,230,San Antonio Spurs,31,3,0.2,0.4,0.8,2.9,0.778,0.462,0.475
Seth Curry,74,185,Portland Trail Blazers,28,7.9,0.2,0.5,0.9,1.6,0.846,0.45,0.456
Stephen Curry,75,190,Golden State Warriors,30,27.3,0.4,1.3,5.2,5.3,0.916,0.437,0.472
Troy Daniels,76,205,Phoenix Suns,27,6.2,0.1,0.5,0.5,1.4,0.783,0.381,0.411
Anthony Davis,82,253,New Orleans Pelicans,25,25.9,2.4,1.6,3.9,12,0.794,0.331,0.517
Deyonta Davis,83,237,Sacramento Kings,22,4,0.6,0.3,0.6,4,0.6,0,0.682
Ed Davis,82,225,Brooklyn Nets,29,5.8,0.4,0.4,0.8,8.6,0.617,0,0.616
Dewayne Dedmon,84,245,Atlanta Hawks,29,10.8,1.1,1.1,1.4,7.5,0.814,0.382,0.492
Sam Dekker,81,230,Washington Wizards,24,6.1,0.1,0.8,1,3.1,0.609,0.306,0.469
Matthew Dellavedova,76,200,Cleveland Cavaliers,28,5.9,0,0.3,3.8,1.6,0.808,0.338,0.405
Luol Deng,81,237,Los Angeles Lakers,33,7.1,0.4,0.7,0.8,3.3,0.714,0.318,0.5
DeMar DeRozan,79,220,San Antonio Spurs,29,21.2,0.5,1.1,6.2,6,0.83,0.156,0.481
Cheick Diallo,81,220,New Orleans Pelicans,22,6,0.5,0.5,0.5,5.2,0.746,0.25,0.62
Hamidou Diallo,77,198,Oklahoma City Thunder,20,3.7,0.2,0.4,0.3,1.9,0.61,0.167,0.455
Gorgui Dieng,83,252,Minnesota Timberwolves,29,6.4,0.5,0.6,0.9,4.1,0.83,0.339,0.501
Spencer Dinwiddie,78,210,Brooklyn Nets,25,16.8,0.3,0.6,4.6,2.4,0.806,0.335,0.442
Donte DiVincenzo,76,203,Milwaukee Bucks,22,4.9,0.2,0.5,1.1,2.4,0.75,0.265,0.403
Luka Doncic,79,218,Dallas Mavericks,19,21.2,0.3,1.1,6,7.8,0.713,0.327,0.427
Tyler Dorsey,77,183,Memphis Grizzlies,22,6.2,0,0.3,1.2,2.4,0.623,0.333,0.405
Damyean Dotson,78,210,New York Knicks,24,10.7,0.1,0.8,1.8,3.6,0.745,0.368,0.415
Goran Dragic,75,190,Miami Heat,32,13.7,0.1,0.8,4.8,3.1,0.782,0.348,0.413
Andre Drummond,83,279,Detroit Pistons,25,17.3,1.7,1.7,1.4,15.6,0.59,0.132,0.533
Jared Dudley,79,237,Brooklyn Nets,33,4.9,0.3,0.6,1.4,2.6,0.696,0.351,0.423
Kris Dunn,76,205,Chicago Bulls,24,11.3,0.5,1.5,6,4.1,0.797,0.354,0.425
Kevin Durant,81,240,Golden State Warriors,30,26,1.1,0.7,5.9,6.4,0.885,0.353,0.521
Henry Ellenson,83,245,Detroit Pistons,22,6,0.1,0.4,0.8,3.5,0.76,0.447,0.411
Wayne Ellington,77,200,Phoenix Suns,31,10.3,0.1,1,1.4,2,0.796,0.371,0.403
Joel Embiid,84,250,Philadelphia 76ers,24,27.5,1.9,0.7,3.7,13.6,0.804,0.3,0.484
James Ennis,79,210,Philadelphia 76ers,28,6.7,0.4,0.7,0.7,3.1,0.716,0.353,0.469
Jacob Evans,78,210,Golden State Warriors,21,1.3,0.1,0.2,0.8,0.8,0,0.267,0.34
Jawun Evans,72,185,Los Angeles Clippers,22,0.8,0,0.4,1.3,1.5,,0,0.214
Tyreke Evans,78,220,Indiana Pacers,29,10.2,0.3,0.8,2.4,2.9,0.719,0.356,0.389
Dante Exum,78,190,Utah Jazz,23,6.9,0.1,0.3,2.6,1.6,0.791,0.29,0.419
Kenneth Faried,80,220,Brooklyn Nets,29,10.4,0.6,0.5,0.5,6.8,0.646,0.32,0.589
Derrick Favors,82,265,Utah Jazz,27,11.8,1.4,0.7,1.2,7.4,0.675,0.218,0.586
Cristiano Felicio,82,265,Chicago Bulls,26,4,0.1,0.2,0.6,3.6,0.685,0,0.531
Raymond Felton,73,205,Oklahoma City Thunder,34,4.3,0.2,0.3,1.6,1,0.923,0.328,0.407
Terrance Ferguson,79,190,Oklahoma City Thunder,20,6.9,0.2,0.5,1,1.9,0.725,0.366,0.429
Yogi Ferrell,72,180,Sacramento Kings,25,5.9,0.1,0.5,1.9,1.5,0.896,0.362,0.435
Dorian Finney-Smith,80,220,Dallas Mavericks,25,7.5,0.4,0.9,1.2,4.8,0.709,0.311,0.432
Bryn Forbes,75,190,San Antonio Spurs,25,11.8,0,0.5,2.1,2.9,0.885,0.426,0.456
Evan Fournier,79,205,Orlando Magic,26,15.1,0.1,0.9,3.6,3.2,0.806,0.34,0.438
De'Aaron Fox,75,175,Sacramento Kings,21,17.3,0.6,1.6,7.3,3.8,0.727,0.371,0.458
Melvin Frazier,78,200,Orlando Magic,22,1.5,0,0.1,0.1,0.5,0.25,0,0.333
Tim Frazier,73,170,New Orleans Pelicans,28,5.3,0.1,0.5,4.2,2.8,0.759,0.366,0.444
Jimmer Fredette,74,195,Phoenix Suns,29,3.7,0,0.5,1.3,1.2,1,0,0.276
Channing Frye,84,255,Cleveland Cavaliers,35,3.6,0.1,0.2,0.6,1.4,0.786,0.405,0.368
Markelle Fultz,76,200,Orlando Magic,20,8.2,0.3,0.9,3.1,3.7,0.568,0.286,0.419
Danilo Gallinari,82,225,Los Angeles Clippers,30,19.8,0.3,0.7,2.6,6.1,0.904,0.433,0.463
Langston Galloway,74,200,Detroit Pistons,27,8.4,0.1,0.5,1.1,2.1,0.844,0.355,0.388
Marc Gasol,85,255,Toronto Raptors,34,13.6,1.1,1.1,4.4,7.9,0.759,0.363,0.448
Pau Gasol,84,250,San Antonio Spurs,38,3.9,0.5,0.2,1.7,4.6,0.7,0.462,0.447
Rudy Gay,80,230,San Antonio Spurs,32,13.7,0.5,0.8,2.6,6.8,0.816,0.402,0.504
Paul George,81,220,Oklahoma City Thunder,28,28,0.4,2.2,4.1,8.2,0.839,0.386,0.438
Taj Gibson,81,232,Minnesota Timberwolves,33,10.8,0.6,0.8,1.2,6.5,0.757,0.324,0.566
Harry Giles,82,240,Sacramento Kings,20,7,0.4,0.5,1.5,3.8,0.637,0,0.503
Shai Gilgeous-Alexander,78,181,Los Angeles Clippers,20,10.8,0.5,1.2,3.3,2.8,0.8,0.367,0.476
Rudy Gobert,85,245,Utah Jazz,26,15.9,2.3,0.8,2,12.9,0.636,,0.669
Aaron Gordon,81,220,Orlando Magic,23,16,0.7,0.7,3.7,7.4,0.731,0.349,0.449
Eric Gordon,76,215,Houston Rockets,30,16.2,0.4,0.6,1.9,2.2,0.783,0.36,0.409
Marcin Gortat,83,240,Los Angeles Clippers,34,5,0.5,0.1,1.4,5.6,0.729,,0.532
Devonte' Graham,74,185,Charlotte Hornets,23,4.7,0,0.5,2.6,1.4,0.761,0.281,0.343
Treveon Graham,77,225,Brooklyn Nets,25,5.3,0.2,0.4,1,3.1,0.818,0.297,0.335
Jerami Grant,81,220,Oklahoma City Thunder,24,13.6,1.3,0.8,1,5.2,0.71,0.392,0.497
Jerian Grant,76,205,Orlando Magic,26,4.2,0.1,0.7,2.6,1.6,0.65,0.364,0.418
Danny Green,78,215,Toronto Raptors,31,10.3,0.7,0.9,1.6,4,0.841,0.455,0.465
Draymond Green,79,230,Golden State Warriors,28,7.4,1.1,1.4,6.9,7.3,0.692,0.285,0.445
Gerald Green,79,205,Houston Rockets,33,9.2,0.4,0.5,0.5,2.5,0.838,0.354,0.4
JaMychal Green,81,227,Los Angeles Clippers,28,9.4,0.5,0.7,0.8,6.3,0.792,0.403,0.483
Jeff Green,81,235,Washington Wizards,32,12.3,0.5,0.6,1.8,4,0.888,0.347,0.475
Blake Griffin,82,250,Detroit Pistons,29,24.5,0.4,0.7,5.4,7.5,0.753,0.362,0.462
Daniel Hamilton,79,195,Atlanta Hawks,23,3,0.1,0.3,1.2,2.5,0.5,0.348,0.383
Dusty Hannahs,75,210,Memphis Grizzlies,25,4,0,0.5,2.5,0.5,1,0,0.25
Tim Hardaway Jr.,78,205,Dallas Mavericks,26,18.1,0.1,0.8,2.4,3.4,0.841,0.34,0.393
James Harden,77,220,Houston Rockets,29,36.1,0.7,2,7.5,6.6,0.879,0.368,0.442
Maurice Harkless,81,220,Portland Trail Blazers,25,7.7,0.9,1.1,1.2,4.5,0.671,0.275,0.487
Montrezl Harrell,80,240,Los Angeles Clippers,25,16.6,1.3,0.9,2,6.5,0.643,0.176,0.615
Devin Harris,75,185,Dallas Mavericks,35,6.3,0.2,0.5,1.8,1.6,0.761,0.31,0.38
Gary Harris,76,210,Denver Nuggets,24,12.9,0.3,1,2.2,2.8,0.799,0.339,0.424
Joe Harris,78,218,Brooklyn Nets,27,13.7,0.2,0.5,2.4,3.8,0.827,0.474,0.5
Tobias Harris,81,235,Philadelphia 76ers,26,20,0.5,0.6,2.8,7.9,0.866,0.397,0.487
Andrew Harrison,78,213,Memphis Grizzlies,24,3.2,0.1,0.2,1.4,1.2,0.944,0.2,0.302
Shaquille Harrison,76,190,Phoenix Suns,25,6.5,0.4,1.2,1.9,3,0.667,0.27,0.432
Josh Hart,77,215,Los Angeles Lakers,23,7.8,0.6,1,1.4,3.7,0.688,0.336,0.407
Isaiah Hartenstein,84,249,Houston Rockets,20,1.9,0.4,0.3,0.5,1.7,0.786,0.333,0.488
Udonis Haslem,80,235,Miami Heat,38,2.5,0,0,0.2,2.7,0.75,0,0.333
Gordon Hayward,80,225,Boston Celtics,28,11.5,0.3,0.9,3.4,4.5,0.834,0.333,0.466
John Henson,83,219,Cleveland Cavaliers,28,5.6,0.8,0.5,1,5.1,0.6,0.355,0.463
Juan Hernangomez,81,230,Denver Nuggets,23,5.8,0.3,0.4,0.8,3.8,0.767,0.365,0.439
Willy Hernangomez,83,240,Charlotte Hornets,24,7.3,0.3,0.3,1,5.4,0.694,0.385,0.519
Mario Hezonja,80,225,New York Knicks,23,8.8,0.1,1,1.5,4.1,0.763,0.276,0.412
Buddy Hield,76,214,Sacramento Kings,26,20.7,0.4,0.7,2.5,5,0.886,0.427,0.458
Nene,83,250,Houston Rockets,36,3.6,0.4,0.4,0.6,2.9,0.66,0,0.517
George Hill,75,188,Milwaukee Bucks,32,7.6,0.1,0.9,2.3,2.5,0.824,0.314,0.452
Solomon Hill,79,225,New Orleans Pelicans,27,4.3,0.2,0.5,1.3,3,0.719,0.317,0.382
Aaron Holiday,73,185,Indiana Pacers,22,5.9,0.3,0.4,1.7,1.3,0.82,0.339,0.401
Jrue Holiday,76,205,New Orleans Pelicans,28,21.2,0.8,1.6,7.7,5,0.768,0.325,0.472
Justin Holiday,78,181,Memphis Grizzlies,29,10.5,0.4,1.5,1.8,3.9,0.896,0.348,0.386
Rondae Hollis-Jefferson,79,217,Brooklyn Nets,24,8.9,0.5,0.7,1.6,5.3,0.645,0.184,0.411
Richaun Holmes,82,235,Phoenix Suns,25,8.2,1.1,0.6,0.9,4.7,0.731,,0.608
Rodney Hood,80,206,Portland Trail Blazers,26,11.2,0.2,0.8,1.8,2.2,0.884,0.356,0.435
Al Horford,82,245,Boston Celtics,32,13.6,1.3,0.9,4.2,6.7,0.821,0.36,0.535
Dwight Howard,83,265,Washington Wizards,33,12.8,0.4,0.8,0.4,9.2,0.604,,0.623
Kevin Huerter,79,190,Atlanta Hawks,20,9.7,0.3,0.9,2.9,3.3,0.732,0.385,0.419
Isaac Humphries,84,255,Atlanta Hawks,21,3,0,0.2,0,2.2,,0.273,0.286
Chandler Hutchison,79,197,Chicago Bulls,22,5.2,0.1,0.5,0.8,4.2,0.605,0.28,0.459
Serge Ibaka,82,235,Toronto Raptors,29,15,1.4,0.4,1.3,8.1,0.763,0.29,0.529
Andre Iguodala,78,215,Golden State Warriors,35,5.7,0.8,0.9,3.2,3.7,0.582,0.333,0.5
Ersan Ilyasova,82,235,Milwaukee Bucks,31,6.8,0.3,0.5,0.8,4.5,0.824,0.363,0.438
Joe Ingles,80,226,Utah Jazz,31,12.1,0.2,1.2,5.7,4,0.707,0.391,0.448
Andre Ingram,75,190,Los Angeles Lakers,33,0,0,0.3,0,0.5,,0,0
Brandon Ingram,81,190,Los Angeles Lakers,21,18.3,0.6,0.5,3,5.1,0.675,0.33,0.497
Kyrie Irving,75,193,Boston Celtics,26,23.8,0.5,1.5,6.9,5,0.873,0.401,0.487
Jonathan Isaac,82,210,Orlando Magic,21,9.6,1.3,0.8,1.1,5.5,0.815,0.323,0.429
Wesley Iwundu,79,195,Orlando Magic,24,5,0.3,0.4,1.1,2.7,0.816,0.367,0.412
Demetrius Jackson,73,201,Boston Celtics,24,3.7,0,0.3,0.8,0.5,1,0.333,0.533
Frank Jackson,75,205,New Orleans Pelicans,20,8.1,0,0.4,1.1,2.2,0.74,0.314,0.434
Jaren Jackson Jr.,83,242,Memphis Grizzlies,19,13.8,1.4,0.9,1.1,4.7,0.766,0.359,0.506
Josh Jackson,80,200,Phoenix Suns,21,11.5,0.7,0.9,2.3,4.4,0.671,0.324,0.413
Justin Jackson,80,210,Dallas Mavericks,23,7.2,0.2,0.4,1.2,2.6,0.785,0.355,0.447
Reggie Jackson,75,208,Detroit Pistons,28,15.4,0.1,0.7,4.2,2.6,0.864,0.369,0.421
LeBron James,80,250,Los Angeles Lakers,34,27.4,0.6,1.3,8.3,8.5,0.665,0.339,0.51
John Jenkins,76,215,Washington Wizards,27,4.7,0.1,0,0.8,1.4,0.833,0.379,0.4
Jonas Jerebko,82,231,Golden State Warriors,31,6.3,0.2,0.4,1.3,3.9,0.8,0.367,0.459
Alize Johnson,81,212,Indiana Pacers,22,0.9,0.2,0.1,0.1,1.4,0.5,0.5,0.25
Amir Johnson,81,240,Philadelphia 76ers,31,3.9,0.3,0.3,1.2,2.9,0.756,0.3,0.503
B.J. Johnson,79,200,Atlanta Hawks,23,3.3,0,0.3,0,1.1,1,0.429,0.5
James Johnson,80,240,Miami Heat,31,7.8,0.5,0.6,2.5,3.2,0.714,0.336,0.433
Stanley Johnson,79,245,New Orleans Pelicans,22,6.9,0.2,0.9,1.3,3.3,0.781,0.288,0.389
Tyler Johnson,76,190,Phoenix Suns,26,10.9,0.5,0.9,2.9,3,0.748,0.346,0.413
Wesley Johnson,79,215,Washington Wizards,31,3.4,0.3,0.4,0.6,1.9,0.684,0.329,0.352
Nikola Jokic,84,250,Denver Nuggets,23,20.1,0.7,1.4,7.3,10.8,0.821,0.307,0.511
Damian Jones,84,245,Golden State Warriors,23,5.4,1,0.5,1.2,3.1,0.649,,0.716
Derrick Jones Jr.,79,200,Miami Heat,21,7,0.7,0.8,0.6,4,0.607,0.308,0.494
Terrence Jones,81,252,Houston Rockets,27,1,0,0,0,2,0,0,0.25
Tyus Jones,74,196,Minnesota Timberwolves,22,6.9,0.1,1.2,4.8,2,0.841,0.317,0.415
DeAndre Jordan,83,265,New York Knicks,30,11,1.1,0.6,2.3,13.1,0.705,,0.641
Cory Joseph,75,193,Indiana Pacers,27,6.5,0.3,1.1,3.9,3.4,0.698,0.322,0.412
Frank Kaminsky,84,242,Charlotte Hornets,25,8.6,0.3,0.3,1.3,3.5,0.738,0.36,0.463
Enes Kanter,83,250,New York Knicks,26,13.7,0.4,0.5,1.7,9.8,0.787,0.294,0.549
Luke Kennard,77,206,Detroit Pistons,22,9.7,0.2,0.4,1.8,2.9,0.836,0.394,0.438
Michael Kidd-Gilchrist,79,232,Charlotte Hornets,25,6.7,0.6,0.5,1,3.8,0.772,0.34,0.476
Maxi Kleber,83,240,Dallas Mavericks,27,6.8,1.1,0.5,1,4.6,0.784,0.353,0.453
Brandon Knight,75,195,Cleveland Cavaliers,27,6.8,0.1,0.5,1.8,1.5,0.794,0.318,0.381
Kevin Knox,81,215,New York Knicks,19,12.8,0.3,0.6,1.1,4.5,0.717,0.343,0.37
Furkan Korkmaz,79,190,Philadelphia 76ers,21,5.8,0,0.6,1.1,2.2,0.818,0.326,0.4
Luke Kornet,85,250,New York Knicks,23,7,0.9,0.6,1.2,2.9,0.826,0.363,0.378
Kyle Korver,79,212,Utah Jazz,37,8.6,0.2,0.4,1.2,2.3,0.822,0.397,0.416
Kosta Koufos,84,245,Sacramento Kings,29,3.7,0.4,0.4,0.9,4.2,0.417,,0.477
Rodions Kurucs,81,210,Brooklyn Nets,20,8.5,0.4,0.7,0.8,3.9,0.783,0.315,0.45
Kyle Kuzma,81,220,Los Angeles Lakers,23,18.7,0.4,0.6,2.5,5.5,0.752,0.303,0.456
Skal Labissiere,83,235,Portland Trail Blazers,22,3,0.3,0.2,0.5,2,0.529,0.462,0.531
Jeremy Lamb,77,185,Charlotte Hornets,26,15.3,0.4,1.1,2.2,5.5,0.888,0.348,0.44
Zach LaVine,77,200,Chicago Bulls,23,23.7,0.4,1,4.5,4.7,0.832,0.374,0.467
Jake Layman,81,215,Portland Trail Blazers,24,7.6,0.4,0.4,0.7,3.1,0.704,0.326,0.509
T.J. Leaf,82,225,Indiana Pacers,21,3.9,0.3,0.2,0.4,2.2,0.613,0.258,0.541
Courtney Lee,77,215,Dallas Mavericks,33,4,0.1,0.6,1.1,1.6,0.667,0.291,0.411
Alex Len,85,250,Atlanta Hawks,25,11.1,0.9,0.4,1.1,5.5,0.648,0.363,0.494
Kawhi Leonard,79,230,Toronto Raptors,27,26.6,0.4,1.8,3.3,7.3,0.854,0.371,0.496
Meyers Leonard,85,255,Portland Trail Blazers,26,5.9,0.1,0.2,1.2,3.8,0.843,0.45,0.545
Jon Leuer,82,228,Detroit Pistons,29,3.8,0.1,0.3,0.3,2.4,0.742,0.091,0.584
Caris LeVert,79,204,Brooklyn Nets,24,13.7,0.4,1.1,3.9,3.8,0.691,0.312,0.429
Damian Lillard,75,195,Portland Trail Blazers,28,25.8,0.4,1.1,6.9,4.6,0.912,0.369,0.444
Jeremy Lin,75,200,Atlanta Hawks,30,9.6,0.2,0.6,3.1,2.4,0.838,0.294,0.44
Shaun Livingston,79,192,Golden State Warriors,33,4,0.4,0.5,1.8,1.8,0.784,0,0.519
Kevon Looney,81,220,Golden State Warriors,22,6.3,0.7,0.6,1.5,5.2,0.619,0.1,0.625
Brook Lopez,84,270,Milwaukee Bucks,30,12.5,2.2,0.6,1.2,4.9,0.842,0.365,0.452
Robin Lopez,84,275,Chicago Bulls,30,9.5,1.1,0.1,1.2,3.9,0.724,0.226,0.568
Kevin Love,82,251,Cleveland Cavaliers,30,17,0.2,0.3,2.2,10.9,0.904,0.361,0.385
Kyle Lowry,73,196,Toronto Raptors,32,14.2,0.5,1.4,8.7,4.8,0.83,0.347,0.411
Timothe Luwawu-Cabarrot,78,210,Chicago Bulls,23,4.6,0.2,0.4,0.5,1.9,0.756,0.31,0.376
Tyler Lydon,82,225,Denver Nuggets,22,0.9,0,0.1,0.2,0.7,0.333,0.4,0.5
Trey Lyles,82,234,Denver Nuggets,23,8.5,0.4,0.5,1.4,3.8,0.698,0.255,0.418
Scott Machado,73,205,Los Angeles Lakers,28,2.5,0,0.3,0.8,0,1,1,0.667
Shelvin Mack,75,203,Orlando Magic,28,7.5,0.1,0.8,3.2,1.8,0.69,0.354,0.404
Ian Mahinmi,83,262,Washington Wizards,32,4.1,0.5,0.7,0.7,3.8,0.689,0.188,0.452
Thon Maker,85,221,Detroit Pistons,21,5,0.8,0.3,0.7,3.2,0.667,0.32,0.407
Boban Marjanovic,87,290,Philadelphia 76ers,30,7.3,0.5,0.3,0.9,4.6,0.748,0.4,0.615
Lauri Markkanen,84,240,Chicago Bulls,21,18.7,0.6,0.7,1.4,9,0.872,0.361,0.43
Jarell Martin,82,239,Orlando Magic,24,2.7,0.2,0.1,0.4,1.7,0.818,0.351,0.413
Frank Mason III,71,190,Sacramento Kings,24,5.1,0.1,0.4,2.2,1.1,0.684,0.219,0.42
Wesley Matthews,77,220,New York Knicks,32,12.2,0.2,0.8,2.3,2.5,0.81,0.372,0.4
Luc Mbah a Moute,80,230,Los Angeles Clippers,32,5,0.3,0.3,0.5,1.8,0.4,0.333,0.444
Tahjere McCall,77,195,Brooklyn Nets,24,4,0,0,0,1,0,0,0.667
Patrick McCaw,79,185,Cleveland Cavaliers,23,2.6,0.1,0.8,1,1.7,0.867,0.321,0.413
CJ McCollum,75,190,Portland Trail Blazers,27,21,0.4,0.8,3,4,0.828,0.375,0.459
T.J. McConnell,74,190,Philadelphia 76ers,26,6.4,0.2,1,3.4,2.3,0.784,0.333,0.525
Doug McDermott,80,225,Indiana Pacers,27,7.3,0.1,0.2,0.9,1.4,0.835,0.408,0.491
JaVale McGee,84,270,Los Angeles Lakers,31,12,2,0.6,0.7,7.5,0.632,0.083,0.624
Rodney McGruder,76,200,Los Angeles Clippers,27,7.6,0.2,0.5,1.7,3.6,0.722,0.351,0.403
Alfonzo McKinnie,80,215,Golden State Warriors,26,4.7,0.2,0.3,0.4,3.4,0.563,0.356,0.487
Ben McLemore,77,201,Sacramento Kings,25,3.9,0.2,0.3,0.2,0.9,0.667,0.415,0.391
Jodie Meeks,76,210,Milwaukee Bucks,31,6.4,0.1,0.1,1,1.5,1,0.444,0.538
Salah Mejri,86,235,Dallas Mavericks,32,3.9,0.7,0.3,1,3.6,0.625,0.324,0.491
De'Anthony Melton,76,200,Phoenix Suns,20,5,0.5,1.4,3.2,2.7,0.75,0.305,0.391
Chimezie Metu,82,225,San Antonio Spurs,21,1.8,0.1,0.2,0.4,1.2,0.765,0,0.328
Khris Middleton,80,222,Milwaukee Bucks,27,18.3,0.1,1,4.3,6,0.837,0.378,0.441
C.J. Miles,78,220,Memphis Grizzlies,31,6.4,0.3,0.5,0.7,1.8,0.828,0.33,0.36
Darius Miller,80,225,New Orleans Pelicans,28,8.2,0.3,0.6,2.1,1.9,0.789,0.365,0.39
Malcolm Miller,79,210,Toronto Raptors,25,3.5,0.1,0.1,0.1,0.5,0.75,0.476,0.423
Patty Mills,72,180,San Antonio Spurs,30,9.9,0.1,0.6,3,2.2,0.854,0.394,0.425
Paul Millsap,80,246,Denver Nuggets,33,12.6,0.8,1.2,2,7.2,0.727,0.365,0.484
Nikola Mirotic,82,250,Milwaukee Bucks,27,15.2,0.7,0.7,1.2,7.4,0.847,0.365,0.439
Donovan Mitchell,75,215,Utah Jazz,22,23.8,0.4,1.4,4.2,4.1,0.806,0.362,0.432
Malik Monk,75,200,Charlotte Hornets,20,8.9,0.3,0.5,1.6,1.9,0.882,0.33,0.387
Greg Monroe,83,265,Brooklyn Nets,28,5.3,0.2,0.3,0.6,4,0.625,0.2,0.487
E'Twaun Moore,76,191,New Orleans Pelicans,29,11.9,0.2,0.8,1.9,2.4,0.763,0.432,0.481
Eric Moreland,82,238,Phoenix Suns,27,1.4,0.2,0.2,0.8,4,,1,0.429
Marcus Morris,81,235,Boston Celtics,29,13.9,0.3,0.6,1.5,6.1,0.844,0.375,0.447
Markieff Morris,82,245,New Orleans Pelicans,29,9.4,0.4,0.6,1.4,4.6,0.772,0.335,0.421
Monte Morris,75,175,Denver Nuggets,23,10.4,0,0.9,3.6,2.4,0.802,0.414,0.493
Donatas Motiejunas,84,222,San Antonio Spurs,28,2,0.3,0,0.3,1,0,,0.5
Emmanuel Mudiay,77,200,New York Knicks,22,14.8,0.3,0.7,3.9,3.3,0.774,0.329,0.446
Jamal Murray,76,207,Denver Nuggets,21,18.2,0.4,0.9,4.8,4.2,0.848,0.367,0.437
Dzanan Musa,81,208,Brooklyn Nets,19,2.1,0,0.2,0.2,0.6,0,0.1,0.409
Mike Muscala,83,240,Los Angeles Lakers,27,7,0.6,0.3,1.2,3.8,0.824,0.348,0.402
Sviatoslav Mykhailiuk,80,205,Detroit Pistons,21,3.2,0,0.3,0.9,0.9,0.6,0.326,0.329
Abdel Nader,78,225,Oklahoma City Thunder,25,4,0.2,0.3,0.3,1.9,0.75,0.32,0.423
Larry Nance Jr.,81,230,Cleveland Cavaliers,26,9.4,0.6,1.5,3.2,8.2,0.716,0.337,0.52
Shabazz Napier,73,180,Brooklyn Nets,27,9.4,0.3,0.7,2.6,1.8,0.833,0.333,0.389
Raul Neto,73,179,Utah Jazz,26,5.3,0.1,0.4,2.5,1.7,0.848,0.333,0.46
Georges Niang,80,230,Utah Jazz,25,4,0.1,0.2,0.6,1.5,0.833,0.41,0.475
Joakim Noah,83,230,New York Knicks,33,7.1,0.7,0.5,2.1,5.7,0.716,0,0.516
Nerlens Noel,83,220,Oklahoma City Thunder,24,4.9,1.2,0.9,0.6,4.2,0.684,,0.587
Dirk Nowitzki,84,245,Dallas Mavericks,40,7.3,0.4,0.2,0.7,3.1,0.78,0.312,0.359
Frank Ntilikina,78,200,New York Knicks,20,5.7,0.3,0.7,2.8,2,0.767,0.287,0.337
James Nunnally,79,208,Minnesota Timberwolves,28,2.4,0,0.1,0.5,0.3,1,0.32,0.353
Jusuf Nurkic,84,275,Portland Trail Blazers,24,15.6,1.4,1,3.2,10.4,0.773,0.103,0.508
David Nwaba,76,219,Cleveland Cavaliers,26,6.5,0.3,0.7,1.1,3.2,0.682,0.32,0.481
Royce O'Neale,78,226,Utah Jazz,25,5.2,0.3,0.7,1.5,3.5,0.762,0.386,0.475
Kyle O'Quinn,82,250,Indiana Pacers,28,3.5,0.6,0.2,1.2,2.6,0.81,0.083,0.507
Semi Ojeleye,79,241,Boston Celtics,24,3.3,0.1,0.2,0.4,1.5,0.615,0.315,0.424
Jahlil Okafor,83,275,New Orleans Pelicans,23,8.2,0.7,0.3,0.7,4.7,0.663,0.2,0.586
Elie Okobo,75,190,Phoenix Suns,21,5.7,0.1,0.6,2.4,1.8,0.787,0.295,0.393
Josh Okogie,76,212,Minnesota Timberwolves,20,7.7,0.4,1.2,1.2,2.9,0.728,0.279,0.386
Victor Oladipo,76,210,Indiana Pacers,26,18.8,0.3,1.7,5.2,5.6,0.73,0.343,0.423
Kelly Olynyk,84,240,Miami Heat,27,10,0.5,0.7,1.8,4.7,0.822,0.354,0.463
Cedi Osman,80,215,Cleveland Cavaliers,23,13,0.1,0.8,2.6,4.7,0.779,0.348,0.427
Kelly Oubre Jr.,79,205,Phoenix Suns,23,15.2,0.9,1.2,1.2,4.7,0.775,0.32,0.445
Zaza Pachulia,83,270,Detroit Pistons,34,3.9,0.3,0.5,1.3,3.9,0.782,0,0.44
Jabari Parker,80,245,Washington Wizards,23,14.5,0.5,0.7,2.4,6.6,0.712,0.313,0.493
Tony Parker,74,185,Charlotte Hornets,36,9.5,0.1,0.4,3.7,1.5,0.734,0.255,0.46
Chandler Parsons,82,230,Memphis Grizzlies,30,7.5,0.2,0.8,1.7,2.8,0.88,0.309,0.374
Patrick Patterson,81,230,Oklahoma City Thunder,29,3.6,0.2,0.3,0.5,2.3,0.633,0.336,0.374
Justin Patton,84,241,Philadelphia 76ers,21,1.7,0,0.7,1,2,0.5,0,0.286
Chris Paul,72,175,Houston Rockets,33,15.6,0.3,2,8.2,4.6,0.862,0.358,0.419
Cameron Payne,75,190,Chicago Bulls,24,6.3,0.2,0.7,2.7,1.8,0.805,0.298,0.43
Elfrid Payton,76,185,New Orleans Pelicans,24,10.6,0.4,1,7.6,5.2,0.743,0.314,0.434
Gary Payton II,75,190,Washington Wizards,26,3.7,0.3,1,1.3,0.7,,0.5,0.625
Mason Plumlee,83,235,Denver Nuggets,28,7.8,0.9,0.8,3,6.4,0.561,0.2,0.593
Miles Plumlee,83,249,Atlanta Hawks,30,4.4,0.2,0.3,0.9,2.2,0.533,,0.667
Jakob Poeltl,84,230,San Antonio Spurs,23,5.5,0.9,0.4,1.2,5.3,0.533,,0.645
Quincy Pondexter,79,230,San Antonio Spurs,30,1.8,0,0.2,0.5,0.9,0.81,0.333,0.5
Otto Porter,80,198,Chicago Bulls,25,13.9,0.6,1.5,2.1,5.6,0.813,0.406,0.465
Bobby Portis,83,250,Washington Wizards,23,14.2,0.4,0.7,1.4,8.1,0.794,0.393,0.444
Dwight Powell,83,240,Dallas Mavericks,27,10.6,0.6,0.6,1.5,5.3,0.772,0.307,0.597
Norman Powell,76,215,Toronto Raptors,25,8.6,0.2,0.7,1.5,2.3,0.827,0.4,0.483
Zhou Qi,85,210,Houston Rockets,23,2,0,0,0,0,,,1
Ivan Rabb,82,220,Memphis Grizzlies,21,5.8,0.3,0.3,1.1,4.2,0.71,0.2,0.547
Chasson Randle,74,185,Washington Wizards,25,5.5,0.1,0.5,2,1.1,0.694,0.4,0.419
Julius Randle,81,250,New Orleans Pelicans,24,21.4,0.6,0.7,3.1,8.7,0.731,0.344,0.524
J.J. Redick,76,200,Philadelphia 76ers,34,18.1,0.2,0.4,2.7,2.4,0.894,0.397,0.44
Davon Reed,77,208,Phoenix Suns,23,1.2,0,0.1,0.3,0.6,,0.5,0.417
Cameron Reynolds,80,225,Minnesota Timberwolves,23,5,0.1,0.3,0.7,1.6,0.889,0.412,0.423
Josh Richardson,78,200,Miami Heat,25,16.6,0.5,1.1,4.1,3.6,0.861,0.357,0.412
Malachi Richardson,78,205,Philadelphia 76ers,23,1.4,0,0,0,0.6,0.8,0.32,0.31
Austin Rivers,76,200,Phoenix Suns,26,8.1,0.3,0.6,2.2,2.1,0.526,0.318,0.406
Glenn Robinson III,78,222,Detroit Pistons,25,4.2,0.2,0.3,0.4,1.5,0.8,0.29,0.42
Jerome Robinson,77,190,Los Angeles Clippers,21,3.4,0.1,0.3,0.6,1.2,0.667,0.316,0.4
Mitchell Robinson,85,240,New York Knicks,20,7.3,2.4,0.8,0.6,6.4,0.6,,0.694
Rajon Rondo,73,186,Los Angeles Lakers,32,9.2,0.2,1.2,8,5.3,0.639,0.359,0.405
Derrick Rose,75,200,Minnesota Timberwolves,30,18,0.2,0.6,4.3,2.7,0.856,0.37,0.482
Terrence Ross,79,206,Orlando Magic,27,15.1,0.4,0.9,1.7,3.5,0.875,0.383,0.428
Terry Rozier,73,190,Boston Celtics,24,9,0.3,0.9,2.9,3.9,0.785,0.353,0.387
Ricky Rubio,76,190,Utah Jazz,28,12.7,0.1,1.3,6.1,3.6,0.855,0.311,0.404
D'Angelo Russell,77,198,Brooklyn Nets,22,21.1,0.2,1.2,7,3.9,0.78,0.369,0.434
Domantas Sabonis,83,240,Indiana Pacers,22,14.1,0.4,0.6,2.9,9.3,0.715,0.529,0.59
JaKarr Sampson,81,214,Chicago Bulls,25,20,0.8,1,1,8,0.81,0.357,0.537
Dario Saric,82,223,Minnesota Timberwolves,24,10.6,0.1,0.6,1.6,5.6,0.88,0.365,0.437
Tomas Satoransky,79,210,Washington Wizards,27,8.9,0.2,1,5,3.5,0.819,0.395,0.485
Dennis Schroder,73,172,Oklahoma City Thunder,25,15.5,0.2,0.8,4.1,3.6,0.819,0.341,0.414
Mike Scott,80,237,Philadelphia 76ers,30,5.8,0.2,0.3,0.8,3.5,0.667,0.401,0.4
Thabo Sefolosha,79,220,Utah Jazz,34,3.8,0.1,0.9,0.5,2.5,0.636,0.436,0.477
Wayne Selden,77,230,Chicago Bulls,24,6.9,0.2,0.4,1.5,2.4,0.728,0.316,0.406
Collin Sexton,74,190,Cleveland Cavaliers,20,16.7,0.1,0.5,3,2.9,0.839,0.402,0.43
Landry Shamet,77,188,Los Angeles Clippers,21,9.1,0.1,0.5,1.5,1.7,0.806,0.422,0.431
Iman Shumpert,77,215,Houston Rockets,28,7.5,0.4,1,1.8,3,0.8,0.348,0.374
Pascal Siakam,81,230,Toronto Raptors,24,16.9,0.7,0.9,3.1,6.9,0.785,0.369,0.549
Jordan Sibert,76,187,Atlanta Hawks,26,3,0,0,0,0,,1,1
Ben Simmons,82,230,Philadelphia 76ers,22,16.9,0.8,1.4,7.7,8.8,0.6,0,0.563
Jonathon Simmons,78,195,Philadelphia 76ers,29,6.5,0.3,0.5,2.3,2.3,0.742,0.269,0.38
Kobi Simmons,77,166,Cleveland Cavaliers,21,0,0,0,0,0,,,
Anfernee Simons,76,185,Portland Trail Blazers,19,3.8,0,0.1,0.7,0.7,0.563,0.345,0.444
Marcus Smart,76,220,Boston Celtics,24,8.9,0.4,1.8,4,2.9,0.806,0.364,0.422
Dennis Smith Jr.,75,195,New York Knicks,21,13.6,0.4,1.3,4.8,2.9,0.635,0.322,0.428
Ish Smith,72,175,Detroit Pistons,30,8.9,0.2,0.5,3.6,2.6,0.758,0.326,0.419
J.R. Smith,78,225,Cleveland Cavaliers,33,6.7,0.3,1,1.9,1.6,0.8,0.308,0.342
Jason Smith,84,240,New Orleans Pelicans,32,3.3,0.4,0.2,0.7,2.6,0.875,0.346,0.356
Zhaire Smith,76,199,Philadelphia 76ers,19,6.7,0.3,0.3,1.7,2.2,0.75,0.375,0.412
Tony Snell,79,213,Milwaukee Bucks,27,6,0.2,0.4,0.9,2.1,0.881,0.397,0.452
Ray Spalding,82,215,Dallas Mavericks,21,3.9,0.6,0.6,0.4,3.4,0.333,0,0.532
Omari Spellman,81,245,Atlanta Hawks,21,5.9,0.5,0.6,1,4.2,0.711,0.344,0.402
Nik Stauskas,78,205,Indiana Pacers,25,5.9,0.1,0.3,1.2,1.9,0.891,0.372,0.402
Lance Stephenson,78,230,Los Angeles Lakers,28,7.2,0.1,0.6,2.1,3.2,0.685,0.371,0.426
Edmond Sumner,78,176,Indiana Pacers,23,2.9,0.2,0.5,0.4,1,0.625,0.259,0.344
Caleb Swanigan,81,250,Sacramento Kings,21,2,0,0.3,0.5,3,0.667,0.143,0.34
Jayson Tatum,80,208,Boston Celtics,20,15.7,0.7,1.1,2.1,6,0.855,0.373,0.45
Jeff Teague,74,195,Minnesota Timberwolves,30,12.1,0.4,1,8.2,2.5,0.804,0.333,0.423
Garrett Temple,78,195,Los Angeles Clippers,32,7.8,0.4,1,1.4,2.9,0.748,0.341,0.422
Milos Teodosic,77,196,Los Angeles Clippers,31,3.2,0.1,0.2,2.1,1.1,0.571,0.37,0.425
Emanuel Terry,81,220,Phoenix Suns,22,3.3,0,1,0.7,2.3,0.5,,0.571
Daniel Theis,80,243,Boston Celtics,26,5.7,0.6,0.3,1,3.4,0.737,0.388,0.549
Isaiah Thomas,69,185,Denver Nuggets,29,8.1,0.1,0.4,1.9,1.1,0.63,0.279,0.343
Khyri Thomas,75,210,Detroit Pistons,22,2.3,0.2,0.3,0.3,0.8,0.636,0.286,0.319
Lance Thomas,80,240,New York Knicks,30,4.5,0.2,0.4,0.6,2.5,0.75,0.278,0.396
Klay Thompson,79,215,Golden State Warriors,28,21.5,0.6,1.1,2.4,3.8,0.816,0.402,0.467
Tristan Thompson,82,238,Cleveland Cavaliers,27,10.9,0.4,0.7,2,10.2,0.642,,0.529
Sindarius Thornwell,77,215,Los Angeles Clippers,24,1,0.1,0.2,0.3,0.7,0.735,0.2,0.347
Anthony Tolliver,80,250,Minnesota Timberwolves,33,5,0.3,0.3,0.7,2.7,0.783,0.377,0.382
Karl-Anthony Towns,84,248,Minnesota Timberwolves,23,24.4,1.6,0.9,3.4,12.4,0.836,0.4,0.518
Gary Trent Jr.,78,205,Portland Trail Blazers,20,2.7,0.1,0.1,0.3,0.7,0.429,0.238,0.32
Allonzo Trier,77,200,New York Knicks,23,10.9,0.2,0.4,1.9,3.1,0.803,0.394,0.448
P.J. Tucker,78,245,Houston Rockets,33,7.3,0.5,1.6,1.2,5.8,0.695,0.377,0.396
Evan Turner,79,220,Portland Trail Blazers,30,6.8,0.2,0.5,3.9,4.5,0.708,0.212,0.46
Myles Turner,83,250,Indiana Pacers,22,13.3,2.7,0.8,1.6,7.2,0.736,0.388,0.487
Ekpe Udoh,82,245,Utah Jazz,31,2.3,0.6,0.2,0.5,1.8,0.633,,0.694
Jonas Valanciunas,84,265,Memphis Grizzlies,26,15.6,1.1,0.4,1.4,8.6,0.795,0.292,0.559
Jarred Vanderbilt,81,214,Denver Nuggets,19,1.4,0.1,0.4,0.2,1.4,0.6,0,0.474
Fred VanVleet,72,195,Toronto Raptors,24,11,0.3,0.9,4.8,2.6,0.843,0.378,0.41
Noah Vonleh,81,250,New York Knicks,23,8.4,0.8,0.7,1.9,7.8,0.712,0.336,0.47
Nikola Vucevic,84,260,Orlando Magic,28,20.8,1.1,1,3.8,12,0.789,0.364,0.518
Dwyane Wade,76,220,Miami Heat,37,15,0.5,0.8,4.2,4,0.708,0.33,0.433
Moritz Wagner,83,245,Los Angeles Lakers,21,4.8,0.3,0.3,0.6,2,0.811,0.286,0.415
Dion Waiters,76,215,Miami Heat,27,12,0.2,0.7,2.8,2.6,0.5,0.377,0.414
Kemba Walker,73,184,Charlotte Hornets,28,25.6,0.4,1.2,5.9,4.4,0.844,0.356,0.434
Lonnie Walker,77,205,San Antonio Spurs,20,2.6,0.2,0.4,0.5,1,0.8,0.385,0.348
John Wall,76,210,Washington Wizards,28,20.7,0.9,1.5,8.7,3.6,0.697,0.302,0.444
Tyrone Wallace,77,198,Los Angeles Clippers,24,3.5,0.1,0.3,0.7,1.6,0.526,0.211,0.424
Taurean Prince,80,220,Atlanta Hawks,24,13.5,0.3,1,2.1,3.6,0.819,0.39,0.441
Brad Wanamaker,76,210,Boston Celtics,29,3.9,0.1,0.3,1.6,1.1,0.857,0.41,0.476
T.J. Warren,80,215,Phoenix Suns,25,18,0.7,1.2,1.5,4,0.815,0.428,0.486
Russell Westbrook,75,200,Oklahoma City Thunder,30,22.9,0.5,1.9,10.7,11.1,0.656,0.29,0.428
Derrick White,76,190,San Antonio Spurs,24,9.9,0.7,1,3.9,3.7,0.772,0.338,0.479
Okaro White,80,205,Washington Wizards,26,0,0,0,0,0.7,,0,0
Hassan Whiteside,84,265,Miami Heat,29,12.3,1.9,0.6,0.8,11.3,0.449,0.125,0.571
Andrew Wiggins,80,194,Minnesota Timberwolves,23,18.1,0.7,1,2.5,4.8,0.699,0.339,0.412
Kenrich Williams,79,210,New Orleans Pelicans,24,6.1,0.4,1,1.8,4.8,0.684,0.333,0.384
Lou Williams,73,175,Los Angeles Clippers,32,20,0.1,0.8,5.4,3,0.876,0.361,0.425
Marvin Williams,81,237,Charlotte Hornets,32,10.1,0.8,0.9,1.2,5.4,0.767,0.366,0.422
Robert Williams,82,240,Boston Celtics,21,2.5,1.3,0.3,0.2,2.5,0.6,,0.706
Troy Williams,79,218,Houston Rockets,24,5.3,0.4,0.5,0.5,2.8,0.6,0.318,0.449
D.J. Wilson,82,231,Milwaukee Bucks,22,5.8,0.4,0.4,1.1,4.6,0.553,0.362,0.414
Justise Winslow,79,225,Miami Heat,22,12.6,0.3,1.1,4.3,5.4,0.628,0.375,0.433
Christian Wood,82,214,New Orleans Pelicans,23,8.2,0.5,0.3,0.4,4,0.732,0.346,0.521
Delon Wright,77,183,Memphis Grizzlies,26,8.7,0.4,1.2,3.3,3.5,0.793,0.298,0.434
Guerschon Yabusele,80,260,Boston Celtics,23,2.3,0.2,0.2,0.4,1.3,0.682,0.321,0.455
Nick Young,79,210,Denver Nuggets,33,2.3,0.3,0,0.5,0.3,,0.375,0.333
Thaddeus Young,80,221,Indiana Pacers,30,12.6,0.4,1.5,2.5,6.5,0.644,0.349,0.527
Trae Young,74,180,Atlanta Hawks,20,19.1,0.2,0.9,8.1,3.7,0.829,0.324,0.418
Cody Zeller,84,240,Charlotte Hornets,26,10.1,0.8,0.8,2.1,6.8,0.787,0.273,0.551
Tyler Zeller,84,253,Atlanta Hawks,29,7.7,0.5,0.2,0.7,4,0.778,0,0.533
Ante Zizic,83,254,Cleveland Cavaliers,22,7.8,0.4,0.2,0.9,5.4,0.705,,0.553
Ivica Zubac,85,240,Los Angeles Clippers,21,8.9,0.9,0.2,1.1,6.1,0.802,,0.559
